Quantity,Name,Finish,Condition,Date Added,Language,Purchase Price,Tags,Edition Name,Edition Code,Multiverse Id,Scryfall ID,Collector Number
1,Academy Manufactor,Normal,NM,2026-02-11,EN,,,Modern Horizons 2,mh2,522295,90744c2c-6dd7-4623-8cbf-b138b83ee88f,219
1,Acolyte of Affliction,Normal,NM,2026-02-11,EN,,,Theros Beyond Death,thb,476457,a14afed6-ca42-442d-ba86-621179e6957c,206
1,Aetherflux Reservoir,Normal,NM,2025-05-19,EN,,Old Binder,Kaladesh,kld,417765,96b6b2e1-c3e6-464c-8a13-b15deb34e862,192
2,Agent of Treachery,Normal,NM,2025-05-17,EN,,Old Binder,Core Set 2020,m20,466797,cc6686e6-4535-49be-b0b3-e76464656cd2,43
1,All Is Dust,Normal,NM,2025-05-19,EN,,Old Binder,The List,plst,0,1e30c6a4-62c4-444a-8c4c-a73d8f59b276,MM2-1
1,Alms Collector,Normal,NM,2025-05-17,EN,,Old Binder,Commander 2017,c17,433242,9fe88f96-fd3a-44e5-aa05-3bc63581e33d,1
1,Analyze the Pollen,Normal,NM,2026-02-11,EN,,,Murders at Karlov Manor,mkm,646707,5563967f-09fd-4ccf-8892-4dd0c2544c98,150
1,Ancient Greenwarden,Normal,NM,2025-05-17,EN,,Old Binder,Zendikar Rising,znr,491823,dfe08e59-fdc4-436f-b05c-6ad386c46310,178
1,Ancient Ziggurat,Normal,NM,2025-05-19,EN,,Old Binder,Conflux,con,189271,0348247d-0a70-4961-8590-9de41386c69b,141
1,"Andúril, Flame of the West",Normal,NM,2025-05-19,EN,,Old Binder,The Lord of the Rings: Tales of Middle-earth,ltr,617066,7e7b9eea-a224-4db1-a089-cb385f7af20c,236
1,Angelic Skirmisher,Foil,NM,2025-05-17,EN,,Old Binder,Gatecrash Promos,pgtc,0,50a38cb7-d663-4fca-a462-a0199694aee3,A11
2,Angel of Destiny,Normal,NM,2025-05-17,EN,,Old Binder,Zendikar Rising,znr,491623,9897074a-0ac4-4d1a-9aac-e77830cc5c78,2
1,Anguished Unmaking,Normal,NM,2026-02-11,EN,,,Tales of Middle-earth Commander,ltc,621375,7e798845-4d8a-46ea-8507-41edcb6c1f80,265
1,Animal Sanctuary,Normal,NM,2025-05-19,EN,,Old Binder,Core Set 2021,m21,485565,f8d7a2c7-666d-4fc6-bac8-ef8eb66e355d,242
1,Animate Dead,Normal,NM,2025-06-03,EN,,Old Binder,Revised Edition,3ed,1143,eed73f84-ad08-44f8-a4fe-cd324ec1da92,93
1,Anointed Procession,Normal,NM,2026-02-11,EN,,,Amonkhet,akh,426704,9a52c265-6920-4929-ba0a-70da08df01f1,2
1,Apex Altisaur,Normal,NM,2025-05-17,EN,,Old Binder,Commander 2019,c19,470577,5f8b022e-3e7a-40e6-99a0-53e5adbdafc5,31
1,Arboreal Grazer,Normal,NM,2026-02-11,EN,,,War of the Spark,war,461076,c4a5f86f-44a8-4735-909a-770586d33a15,149
1,Arcane Adaptation,Normal,NM,2025-05-19,EN,,Old Binder,Ixalan,xln,435198,bf3edaaf-cf63-4e17-94ae-9d9991d9fb5f,46
1,Arcane Signet,Normal,NM,2026-02-11,EN,,,New Capenna Commander,ncc,559932,f3ee9829-f4c0-44a0-8252-4097402e2f8d,360
1,Arcane Signet,Normal,NM,2026-02-11,EN,,,The List,plst,0,db6cdee9-dc3a-450c-a5a6-b34f021939ca,ELD-331
1,Archdruid's Charm,Normal,NM,2025-06-03,EN,,Old Binder,Murders at Karlov Manor,mkm,646708,5caae5ae-845f-42c2-b1ae-956df2739433,151
1,Archmage Emeritus,Foil,NM,2025-05-17,EN,,Old Binder,Strixhaven: School of Mages,stx,516854,f2f7218a-511a-4ca8-899d-ae78a935f7a0,377
1,Arid Mesa,Normal,NM,2025-05-19,EN,,Old Binder,Modern Horizons 2,mh2,525141,54ced5cf-b51a-4dab-97f7-50fb18e5c463,475
1,"Ashiok, Nightmare Muse",Normal,NM,2025-05-19,EN,,Old Binder,Theros Beyond Death,thb,476459,112eb5ce-4fe5-45b3-b810-79fef74b07f9,208
1,Ashnod's Altar,Normal,NM,2025-05-19,EN,,Old Binder,Chronicles,chr,2776,d5e1a75e-1369-4f28-bb7d-e7ea2e6087e9,92
1,Assassin's Trophy,Normal,NM,2025-06-03,EN,,Old Binder,Assassin's Creed,acr,666825,def90432-6d13-4d28-aa27-f75dd26456bb,95
1,"Atraxa, Praetors' Voice",Foil,NM,2025-05-19,EN,,Old Binder,Commander Anthology Volume II,cm2,446746,b2e330dd-7cd3-445d-9c05-56e4a57526e9,10
1,Authority of the Consuls,Normal,NM,2025-05-17,EN,,Old Binder,Foundations,fdn,679879,42ce2d7f-5924-47c0-b5ed-dacf9f9617a0,137
1,Avatar of Woe,Normal,NM,2025-05-17,EN,,Old Binder,Commander 2011,cmd,247520,1af79737-46ff-48f2-a270-21bd6a05d17e,73
1,"Baba Lysaga, Night Witch",Normal,NM,2026-02-11,EN,,,Commander Legends: Battle for Baldur's Gate,clb,563149,2ef42c3f-f22e-4e99-adb0-9e8f8d442347,266
1,Back to Basics,Normal,NM,2025-05-17,EN,,Old Binder,Urza's Saga,usg,5711,fab4cd7e-b56f-4408-a0e9-c07e040cc38f,62
1,Badlands,Normal,NM,2026-02-10,EN,,,Revised Edition,3ed,1376,56058359-3c0b-49db-a0ce-9ded4c3f4372,282
3,Bala Ged Recovery // Bala Ged Sanctuary,Normal,NM,2025-05-17,EN,,Old Binder,Zendikar Rising,znr,491825,c5cb3052-358d-44a7-8cfd-cd31b236494a,180
1,Bane of Progress,Normal,NM,2025-05-17,EN,,Old Binder,Commander 2013,c13,376262,cb9b492f-a404-400f-be70-8b4901d2d82b,137
1,Basalt Monolith,Normal,NM,2025-05-19,EN,,Old Binder,Tales of Middle-earth Commander,ltc,621384,97d8dbc9-d9f3-4e8e-95d2-27917c152a29,274
1,Basalt Monolith,Normal,NM,2025-05-19,EN,,Old Binder,Commander 2013,c13,376265,7770e48e-72e1-4475-a4b5-c1c561a1beaa,237
1,Basalt Monolith,Normal,NM,2025-05-19,EN,,Old Binder,Commander Anthology Volume II,cm2,446909,4744e0a0-c17b-4700-8897-528d2b57adda,173
1,Battlefield Forge,Normal,NM,2026-02-11,EN,,,Tenth Edition,10e,129479,e0df1e5f-8cef-4e13-babf-4254a85ac46b,348
1,Battle Hymn,Normal,NM,2025-05-17,EN,,Old Binder,Avacyn Restored,avr,270996,43b5d46e-7054-44f8-9a14-b412f2f0ab86,128
1,Bayou,Normal,NM,2025-06-03,EN,,Deck,Revised Edition,3ed,1377,56355ff3-2232-4a11-b868-aec9a50b9ee5,283
1,Birds of Paradise,Normal,NM,2026-02-11,EN,,,Tales of Middle-earth Commander,ltc,621345,45835349-99c3-4071-95d1-7191110bfd9f,235
1,Birds of Paradise,Normal,NM,2025-06-03,EN,,Old Binder,Conspiracy: Take the Crown,cn2,416933,feefe9f0-24a6-461c-9ef1-86c5a6f33b83,176
1,Birds of Paradise,Normal,NM,2025-05-17,EN,,Old Binder,The List,plst,0,e6bc963e-042f-4cdc-be38-de8e386c00b3,CN2-176
1,Blasphemous Act,Normal,NM,2025-05-17,EN,,Old Binder,Tales of Middle-earth Commander,ltc,621321,cf9e842f-4840-49e3-b4f3-c2fad395d41a,211
1,Blazing Sunsteel,Normal,NM,2025-05-17,EN,,Old Binder,Commander Legends,cmr,500790,69d276fe-5f2b-41aa-80fa-64d3b60fd54f,364
1,Bleachbone Verge,Normal,NM,2025-05-19,EN,,Old Binder,Aetherdrift,dft,689559,6ba2edc7-dbc0-4948-9f37-a27a91bdf7b9,371
1,Blinkmoth Nexus,Normal,NM,2025-06-03,EN,,Deck,Darksteel,dst,39439,bf51c665-7823-4d6a-b1da-8c2d93dae10b,163
1,Blood Crypt,Normal,NM,2025-05-19,EN,,Deck,Ravnica Allegiance,rna,457389,5faba6c8-3463-47c1-ba01-09eb87fcb2d5,245
1,Blood on the Snow,Normal,NM,2026-02-11,EN,,,Kaldheim,khm,503687,d8606f40-0af4-443b-a413-a88dc3e8f32e,79
1,Bloodstained Mire,Normal,NM,2025-05-19,EN,,Deck,Khans of Tarkir,ktk,386495,7f430794-0d86-4f6a-97e0-4bbb6716d613,230
1,Bolas's Citadel,Normal,NM,2025-05-17,EN,,Old Binder,War of the Spark,war,461006,d2124603-d20e-40eb-97f0-a66323397ac2,79
6,Boreal Druid,Normal,NM,2025-05-17,EN,,Old Binder,Coldsnap,csp,121193,473d3633-6dc7-4026-a50e-3ea76b9e8c20,105
1,Braid of Fire,Foil,NM,2025-05-17,EN,,Old Binder,The List,plst,0,8a8e0464-3f05-4719-ad42-577954751da8,CSP-78
1,Brainstorm,Normal,NM,2025-05-19,EN,,Old Binder,Beatdown Box Set,btd,27246,72507835-d27b-48e3-a602-b5b6c876557f,3
1,Breeding Pool,Normal,NM,2025-05-19,EN,,Old Binder,Ravnica Allegiance,rna,457390,bb54233c-0844-4965-9cde-e8a4ef3e11b8,246
1,Burning Inquiry,Foil,NM,2025-05-17,EN,,Old Binder,The List,plst,0,5b5f03d2-608c-4fae-9a05-1695e277adf8,M10-128
1,Cabal Coffers,Normal,NM,2025-05-19,EN,,Deck,Torment,tor,29896,2b934c78-258e-4b1e-9783-ec9f734e8776,139
1,Cabal Stronghold,Normal,NM,2025-05-19,EN,,Old Binder,Dominaria,dom,443126,0bda51ef-ee3e-48d4-92e2-c9083bbe0f80,238
1,Caged Sun,Normal,NM,2025-05-19,EN,,Old Binder,Commander Anthology Volume II,cm2,446914,dfe6f9ec-3b7f-4c11-acd1-440e14217e5d,178
1,Caretaker's Talent,Normal,NM,2025-05-17,EN,,Old Binder,Bloomburrow,blb,668920,ad5ea98a-e36e-4ab9-b4da-cc572f3777db,6
1,Carrion Feeder,Normal,NM,2025-05-17,EN,,Old Binder,Duel Decks: Phyrexia vs. the Coalition,dde,210133,083f4ccc-9cfc-44b1-af77-304b65bd878b,2
1,Case of the Locked Hothouse,Normal,NM,2026-02-11,EN,,,Murders at Karlov Manor,mkm,646712,0929a1bd-e35c-4ca5-8c8c-dd304cf4b830,155
1,Casualties of War,Normal,NM,2026-02-11,EN,,,Fallout,pip,653176,6ea2451e-ad6e-4f76-ac76-0b8f4fabd0a9,213
1,Cathars' Crusade,Normal,NM,2025-06-03,EN,,Old Binder,Commander 2016,c16,420678,91a54f0a-1e6b-4f1e-8109-605c8c2e777c,61
1,Cathars' Crusade,Normal,NM,2025-05-17,EN,,Old Binder,Commander Anthology Volume II,cm2,446756,264ea67b-c796-4ecd-a71b-85d67b980056,20
1,Cauldron Familiar,Normal,NM,2026-02-11,EN,,,Store Championships,sch,0,5de73629-b44b-4f9c-8d7f-d9cf342ef95b,18
1,Cavern-Hoard Dragon,Normal,NM,2025-05-17,EN,,Old Binder,Tales of Middle-earth Commander,ltc,620717,c67e509e-a219-4f7f-b7eb-8c446cc0620a,31
1,Chaos Warp,Normal,NM,2026-02-11,EN,,,Commander Anthology Volume II,cm2,446825,33a33b4c-2f3c-4f74-aa5b-ec6eb73ee4e7,89
2,Chromatic Lantern,Normal,NM,2025-05-19,EN,,Old Binder,Guilds of Ravnica,grn,452983,ea123356-3055-4e42-b816-ac3c4e9087d1,233
1,Chromatic Orrery,Normal,NM,2025-05-19,EN,,Old Binder,Core Set 2021 Promos,pm21,0,062fcd2b-7f63-47bf-83ba-88e33d397a6e,228p
1,City of Brass,Normal,NM,2025-05-19,EN,,Old Binder,Pro Tour Collector Set,ptc,0,947eefb2-7156-4bd3-9e95-a18f87a951cd,gb112
1,City of Brass,Normal,NM,2025-05-19,EN,,Old Binder,Pro Tour Collector Set,ptc,0,41fd8502-52cb-4675-9c5a-cb39e2b10110,mj112
1,Clifftop Retreat,Normal,NM,2026-02-11,EN,,,Dominaria,dom,443127,e0b52b9c-7278-46b4-9f3c-3a7fc0c7e526,239
1,Command Tower,Normal,NM,2026-02-11,EN,,,Commander Legends,cmr,500959,64e72ac3-2b4f-43d8-9708-afe1b67c5d00,479
1,Command Tower,Normal,NM,2026-02-11,EN,,,Commander 2021,c21,519319,b53a112c-671c-4312-af56-53fdb735829b,284
1,Concealed Courtyard,Normal,NM,2025-05-19,EN,,Old Binder,Kaladesh,kld,417818,c8769e97-aee8-4466-a9d7-0f4245ae4a97,245
1,Conjurer's Closet,Normal,NM,2025-05-19,EN,,Old Binder,Double Masters,2xm,489916,3435fd09-a7a2-475e-a690-3c2011b70024,243
1,Conjurer's Closet,Normal,NM,2025-05-19,EN,,Old Binder,Commander 2013,c13,376281,12de1008-9c1b-4072-8678-befce9a81cc7,239
2,Conspicuous Snoop,Normal,NM,2025-05-17,EN,,Old Binder,Core Set 2021,m21,485462,5d878dab-5ed2-4ef3-b2c7-472290892854,139
1,Containment Priest,Normal,NM,2026-02-11,EN,,,Core Set 2021,m21,488395,d51bacdd-040e-45f7-9256-85f93801a10e,314
1,Copper Myr,Normal,NM,2026-02-11,EN,,,Scars of Mirrodin,som,194063,323efe27-da58-4207-9c0c-dba5031bfa04,146
1,Courser of Kruphix,Foil,NM,2025-05-17,EN,,Old Binder,Masters 25,a25,442153,8683a978-1bef-4b01-9361-56b1fc157d26,164
1,Crawlspace,Normal,NM,2025-05-19,EN,,Old Binder,Commander 2013,c13,376286,97c8e1ed-b3ab-4a08-9336-e513f23d45b3,240
1,Crop Rotation,Normal,NM,2025-06-03,EN,,Old Binder,Double Masters,2xm,489834,4249cc64-f75b-4c76-a41a-5b25873c74bc,161
1,Crypt Ghast,Normal,NM,2025-05-17,EN,,Old Binder,Gatecrash,gtc,366452,3795a4e7-646f-4bb7-b154-2610eb740e8d,61
1,Curse of Disturbance,Normal,NM,2025-05-17,EN,,Old Binder,Commander 2017,c17,433257,d022b7d7-e9f5-4f58-8010-331baaa4e3c4,16
1,Cyclonic Rift,Normal,NM,2025-06-03,EN,,Old Binder,Double Masters,2xm,489720,ff08e5ed-f47b-4d8e-8b8b-41675dccef8b,47
1,"Damia, Sage of Stone",Foil,NM,2025-05-19,EN,,Old Binder,Commander Anthology Volume II,cm2,446738,f9f3869d-dbc1-42bb-aa43-8e4c2e79cfc1,2
1,Damn,Etched,NM,2025-06-03,EN,,Old Binder,Modern Horizons 2,mh2,525577,23b95b26-0bbf-4fa1-80c1-f621f1a1b947,396
1,Dark Confidant,Normal,NM,2025-06-03,EN,,Old Binder,Double Masters,2xm,489754,b0d88239-43dc-46b8-8d46-626e2f8f1070,81
1,Dauthi Voidwalker,Etched,NM,2025-06-03,EN,,Old Binder,Modern Horizons 2,mh2,525578,7d54f0dd-5d27-483b-8af9-92a1c5a785f2,397
1,Day of Judgment,Normal,NM,2026-02-11,EN,,,Foundations,fdn,679882,96e84bdc-8a9a-4c58-ba8b-9f052fd60069,140
1,Deathrite Shaman,Normal,NM,2025-06-03,EN,,Old Binder,GRN Guild Kit,gk1,456063,a65e485b-03a2-4634-9218-f5bb7c104d41,59
1,Demonic Consultation,Normal,NM,2025-05-17,EN,,Old Binder,Ice Age,ice,2445,8d727b9b-6114-414d-9172-16b6e1db41cc,121
1,Demonic Tutor,Normal,NM,2025-06-03,EN,,Old Binder,The List,plst,0,77be13ed-5ef5-4452-a16f-ccd3599d8555,DDC-49
1,Despark,Normal,NM,2026-02-11,EN,,,Strixhaven Mystical Archive,sta,517609,c2743ca3-8b4a-429a-9f9b-090d632b6601,59
2,Detection Tower,Normal,NM,2025-05-19,EN,,Old Binder,Core Set 2019,m19,447386,02f99756-d334-4dba-a375-ba3d91ecae62,249
1,Dictate of Erebos,Normal,NM,2025-05-17,EN,,Old Binder,Journey into Nyx,jou,380399,9f06db70-95f9-41eb-8e5f-8bc56fd34c09,65
1,Dismember,Normal,NM,2025-06-03,EN,,Old Binder,The List,plst,0,4ccd8394-cbc9-4346-9b48-f6be447b3e08,MM2-79
1,Divinity of Pride,Normal,NM,2025-05-19,EN,,Old Binder,Commander 2013,c13,376311,2e40c246-276b-45f1-ac86-f15c0df62a08,228
1,Doorkeeper Thrull,Normal,NM,2026-02-11,EN,,,Murders at Karlov Manor,mkm,646576,80a1cd28-d2a5-4d1a-aa03-a6a5958ae432,13
1,Dowsing Dagger // Lost Vale,Normal,NM,2025-06-03,EN,,Old Binder,Ixalan,xln,435392,514d53be-6ade-4f73-a844-e9ae2dafd6ce,235
1,Dragonskull Summit,Normal,NM,2026-02-11,EN,,,Tales of Middle-earth Commander,ltc,621414,d0581897-7bdb-465e-ab52-9e656b9a5607,304
1,Dryad of the Ilysian Grove,Normal,NM,2025-06-03,EN,,Old Binder,Theros Beyond Death Promos,pthb,0,fb132ba1-6736-40d0-ae5f-e21f19fa3bec,169p
1,Duelist's Heritage,Normal,NM,2026-02-11,EN,,,Commander Anthology Volume II,cm2,446762,19a11a3f-ca98-4e82-897f-9ee0bbbef6fe,26
1,Eidolon of Blossoms,Foil,NM,2025-05-17,EN,,Old Binder,Journey into Nyx Promos,pjou,0,bb2d43eb-a72f-4721-82b5-121a7c4d2ffa,122★
1,Eladamri's Call,Normal,NM,2025-05-19,EN,,Old Binder,Modern Horizons,mh1,464146,ea751fe2-b64a-4265-8885-a9016b29b5b3,197
1,Electroduplicate,Normal,NM,2025-05-17,EN,,Old Binder,Foundations,fdn,678425,f3f3ab83-3b8e-4747-98ae-7b981bcc77b1,328
1,Elegant Parlor,Normal,NM,2026-02-11,EN,,,Murders at Karlov Manor,mkm,646814,72c6d541-e2cb-4d6e-acac-90a8f53b7006,260
1,Elemental Bond,Normal,NM,2025-05-17,EN,,Old Binder,Magic Origins,ori,398406,554a8769-c840-4c9d-9959-b075c174457b,174
1,Elesh Norn // The Argent Etchings,Normal,NM,2025-05-17,EN,,Old Binder,March of the Machine,mom,607023,d8999135-ddb1-4e4c-b885-e25f23dac3d3,12
1,"Eluge, the Shoreless Sea",Foil,NM,2025-05-17,EN,,Old Binder,Bloomburrow,blb,668757,df9da428-3af7-4027-b3f0-9138d953c37b,288
3,Elves of Deep Shadow,Normal,NM,2025-05-17,EN,,Old Binder,Ravnica: City of Guilds,rav,83833,7bea6dea-d767-4092-a285-305d9997357a,161
1,"Emry, Lurker of the Loch",Normal,NM,2025-05-17,EN,,Old Binder,Throne of Eldraine,eld,473005,bf4b9a8a-b42a-46fb-b0d0-9cf800f63c8a,43
1,"Etali, Primal Storm",Normal,NM,2026-02-11,EN,,,Foundations,fdn,679936,b6af9894-95b5-4c8e-902f-a9ba70f02e4a,194
1,Eternal Witness,Foil,NM,2026-02-11,EN,,,30th Anniversary Play Promos,p30a,0,0574d09f-5667-4ecf-bbbb-a1a0ed24068d,12
1,Expedition Map,Normal,NM,2026-02-11,EN,,,Zendikar,zen,193405,c55bee97-593f-441f-b96c-a998d5212a55,201
1,Exploration,Normal,NM,2025-06-03,EN,,Old Binder,Double Masters,2xm,489840,ce4c6535-afea-4704-b35c-badeb04c4f4c,167
1,Explore,Normal,NM,2026-02-11,EN,,,Commander 2019,c19,470710,da397007-e9a8-4228-a35d-a606e93e37be,164
1,Fabled Passage,Foil,NM,2025-06-03,EN,,Deck,Bloomburrow,blb,669166,8809830f-d8e1-4603-9652-0ad8b00234e9,252
1,Farseek,Normal,NM,2026-02-11,EN,,,Ravnica: City of Guilds,rav,87970,8180abec-9459-4b81-987e-b1794e45d543,163
1,Fate Unraveler,Normal,NM,2025-06-03,EN,,Old Binder,Born of the Gods,bng,378440,f15cd233-e27b-4cfd-aa4e-18040d1de22f,68
1,Fell,Foil,NM,2026-02-11,EN,,,Bloomburrow,blb,669009,c96ac326-de44-470b-a592-a4c2a052c091,95
2,Field of the Dead,Normal,NM,2025-06-03,EN,,Old Binder,Core Set 2020,m20,467001,470ca3f4-29aa-4c4c-8ff2-8cdd70c69943,247
1,Flooded Strand,Normal,NM,2025-06-03,EN,,Deck,Khans of Tarkir,ktk,386537,8c2996d9-3287-4480-8c04-7a378e37e3cf,233
1,Force of Negation,Normal,NM,2025-05-17,EN,,Old Binder,Modern Horizons,mh1,464001,e9be371c-c688-44ad-ab71-bd4c9f242d58,52
1,Forest,Normal,NM,2026-02-11,EN,,,Assassin's Creed,acr,666729,b8a081ef-a2d4-4989-8b06-721f8b2c9798,109
2,Forest,Foil,NM,2026-02-11,EN,,,Assassin's Creed,acr,666729,b8a081ef-a2d4-4989-8b06-721f8b2c9798,109
1,Foul Orchard,Normal,NM,2026-02-11,EN,,,Shadows over Innistrad,soi,410043,2378ac21-9912-40d7-972d-b1b71a8e4984,275
1,Frostwalk Bastion,Normal,NM,2026-02-11,EN,,,Modern Horizons,mh1,464189,bfb5d83f-2b7c-4c22-ac37-938e7cd1654a,240
1,Gaze of Granite,Normal,NM,2026-02-11,EN,,,Dragon's Maze,dgm,369095,96c9ac10-d114-4aa5-87ac-f1069cde8e40,72
1,Generous Gift,Normal,NM,2026-02-11,EN,,,Modern Horizons,mh1,463960,983f4711-20a8-4023-8201-9a74deab10be,11
1,Ghostly Prison,Normal,NM,2025-05-17,EN,,Old Binder,The List,plst,0,f4cfcecf-621f-4664-9b1f-65ce4f0f8ab0,CHK-10
1,Gift of Doom,Normal,NM,2025-05-17,EN,,Old Binder,Commander 2019,c19,470563,ad6e1ba7-047b-41a3-8ab4-17a5c5476749,17
1,Gingerbread Cabin,Normal,NM,2026-02-11,EN,,,Throne of Eldraine,eld,473207,b11f5296-5f7d-41ca-a67d-e976273d7386,245
1,"Gisa, the Hellraiser",Foil,NM,2025-05-17,EN,,Old Binder,Outlaws of Thunder Junction,otj,655030,db7c07b2-02b2-4e62-bf1b-4848e06eec28,89
1,"Glarb, Calamity's Augur",Normal,NM,2025-05-19,EN,,Old Binder,Bloomburrow,blb,669129,ffc70b2d-5a3a-49ea-97db-175a62248302,215
1,Glasspool Mimic // Glasspool Shore,Normal,NM,2025-05-17,EN,,Old Binder,Zendikar Rising,znr,491688,5adcb500-8c77-4925-8e2c-1243502827d1,60
1,Goblin Chieftain,Foil,NM,2025-05-17,EN,,Old Binder,Magic 2012,m12,221201,2540ec6b-9ffa-4ab0-bbd3-ddf1efd2db60,138
1,Godless Shrine,Normal,NM,2025-06-03,EN,,Deck,Ravnica Allegiance,rna,457392,ced4c824-2dfc-42ae-84e6-09f8e3f51b5b,248
1,Goldspan Dragon,Normal,NM,2026-02-11,EN,,,Kaldheim,khm,503751,9d914868-9000-4df2-a818-0ef8a7f636ae,139
1,Goldvein Hydra,Normal,NM,2025-05-17,EN,,Old Binder,Outlaws of Thunder Junction,otj,657368,8700b3a6-327b-4dc0-aa8d-434ca971a7b9,341
1,Golgari Rot Farm,Normal,NM,2026-02-11,EN,,,Commander 2021,c21,519326,1759843b-05f1-4bc6-bfc3-4c486e5b2e3f,291
1,"Golos, Tireless Pilgrim",Normal,NM,2025-05-19,EN,,Old Binder,Core Set 2020 Promos,pm20,0,737122cb-b8f4-4d51-80c4-83be6e8dfc86,226p
1,"Golos, Tireless Pilgrim",Normal,NM,2025-05-19,EN,,Old Binder,Core Set 2020,m20,466980,1fa48620-4c3d-4f75-be1f-c12c4aa59f51,226
1,Grafdigger's Cage,Foil,NM,2025-05-19,EN,,Old Binder,Core Set 2020 Promos,pm20,0,a5f25a6e-c98c-45e9-857f-c9fbfe7867bb,227s
1,Grave Betrayal,Normal,NM,2025-05-17,EN,,Old Binder,Return to Ravnica,rtr,270960,47b38c68-8e72-4afc-bb5e-0b40880fdda9,67
1,Grave Pact,Normal,NM,2025-05-17,EN,,Old Binder,Commander Anthology Volume II,cm2,446801,b88471f6-ccb3-4129-b7a4-62cee65605ef,65
1,Guardian Project,Normal,NM,2025-05-17,EN,,Old Binder,Ravnica Allegiance,rna,457274,ccad6ce0-ddf0-458d-bdae-3d7805fdc775,130
1,Guardian Sunmare,Normal,NM,2026-02-11,EN,,,Aetherdrift,dft,690452,7c274595-94e2-4587-9cef-b38639d6429a,15
1,Hallowed Fountain,Normal,NM,2025-06-03,EN,,Old Binder,Ravnica Allegiance,rna,457395,f97a6d34-03ab-49f1-b02e-405b733f8843,251
5,Hare Apparent,Normal,NM,2025-05-17,EN,,Old Binder,Foundations,fdn,679092,9fc6f0e9-eb5f-4bc0-b3d7-756644b66d12,15
1,Heaped Harvest,Normal,NM,2026-02-11,EN,,,Bloomburrow,blb,669089,3b5349db-0e0a-4b15-886e-0db403ef49cb,175
1,Hedron Crawler,Normal,NM,2026-02-11,EN,,,Oath of the Gatewatch,ogw,407674,9f827f92-1df6-4fd0-aa61-ec2e53476f9c,164
1,"Heliod, Sun-Crowned",Normal,NM,2025-05-17,EN,,Old Binder,Theros Beyond Death,thb,476269,01a8576e-cadc-4521-aadd-3a05f0bc4d20,18
1,Helm of the Gods,Normal,NM,2025-05-19,EN,,Old Binder,Magic Origins,ori,398588,1ba006c8-0ffc-4e68-9a55-c7b842d3add9,230
1,Helm of the Host,Normal,NM,2026-02-11,EN,,,Dominaria,dom,443105,1d65d20c-09e5-4139-838b-7e0e48eb2b2b,217
2,Helm of the Host,Normal,NM,2025-05-19,EN,,Old Binder,Dominaria,dom,443105,1d65d20c-09e5-4139-838b-7e0e48eb2b2b,217
1,Herald of Leshrac,Normal,NM,2025-05-17,EN,,Old Binder,Coldsnap,csp,121250,ad6080b1-b032-4172-8594-4d894a60a80d,62
2,Herald's Horn,Normal,NM,2025-05-19,EN,,Old Binder,Commander 2017,c17,433294,07b06421-778a-4d23-862b-30fc5fa25928,53
1,High Market,Normal,NM,2025-06-03,EN,,Old Binder,Commander 2015,c15,405257,d80823f7-565a-4d0d-9fd1-24a8b8efcc24,289
1,High Noon,Normal,NM,2025-05-17,EN,,Old Binder,Outlaws of Thunder Junction,otj,657341,0d69fce2-3307-4518-a196-e0b8155dca73,314
1,Hissing Quagmire,Normal,NM,2026-02-11,EN,,,Oath of the Gatewatch,ogw,407681,6ef11b54-205a-48e9-92d0-5d416be869ef,171
1,Honor-Worn Shaku,Normal,NM,2025-05-19,EN,,Old Binder,Champions of Kamigawa,chk,77143,babe91f2-06be-4501-a95b-20968e906e1b,254
1,Howling Mine,Normal,NM,2025-05-19,EN,,Old Binder,Pro Tour Collector Set,ptc,0,3c76eaaf-58c9-4ef9-bf0a-7aa66397fa7d,mj325
1,Hydroblast,Normal,NM,2025-05-17,EN,,Old Binder,Fifth Edition,5ed,3915,89a30b8f-6594-42ea-8e60-13ccb1e7efc0,94
2,Hydroblast,Normal,NM,2025-05-17,EN,,Old Binder,Ice Age,ice,2508,f62716f0-fde2-49ef-b8a4-c1b03f451194,72
1,Idol of Oblivion,Normal,NM,2026-02-11,EN,,,Commander 2019,c19,470601,daed8456-011e-44e2-b180-6a8a75089257,55
1,Impact Tremors,Normal,NM,2025-05-17,EN,,Old Binder,Dragons of Tarkir,dtk,394600,56fb4035-197b-4d28-9bf7-bb62c304067e,140
1,Indatha Triome,Normal,NM,2025-05-19,EN,,Old Binder,Ikoria: Lair of Behemoths,iko,0,9bf2b208-79c6-4c4c-bf66-871352ed600f,309
1,Inexorable Tide,Normal,NM,2025-05-17,EN,,Old Binder,Scars of Mirrodin,som,194363,8f41e281-fcbb-450b-8a67-7b072c55c6f0,35
1,Inkmoth Nexus,Normal,NM,2025-06-03,EN,,Old Binder,Mirrodin Besieged,mbs,213731,ec50c1c3-885e-47d3-ada7-cc0edbf09df1,145
1,Inventors' Fair,Normal,NM,2025-05-19,EN,,Old Binder,Kaladesh,kld,417820,275471e3-ded1-40ac-91ef-369dce5764d9,247
1,Isolated Chapel,Normal,NM,2026-02-11,EN,,,Dominaria,dom,443129,a1d95d37-5dbe-4a25-bc80-a4db08f3c63a,241
1,"Jan Jansen, Chaos Crafter",Foil,NM,2026-02-11,EN,,,Commander Legends: Battle for Baldur's Gate,clb,570297,a40cb9ff-9f85-44e0-90b4-574814868a25,424
1,Jet Medallion,Normal,NM,2025-05-17,EN,,Old Binder,Modern Horizons 3,mh3,664071,d423365c-a32c-4060-b178-3221e3200387,292
1,Jungle Hollow,Normal,NM,2026-02-11,EN,,,Ikoria: Lair of Behemoths,iko,479769,01926862-bf2d-4a2b-af94-1ea5e4dd7444,249
1,"Kaito, Cunning Infiltrator",Normal,NM,2025-05-17,EN,,Old Binder,Foundations,fdn,679121,5dabdea9-2015-49b9-853d-4f7e1262eab3,44
1,Kaldra Compleat,Normal,NM,2025-05-19,EN,,Old Binder,Modern Horizons 2,mh2,522303,87cc2855-6b14-44dd-a398-7dc2bbae081f,227
2,Kami of Whispered Hopes,Normal,NM,2025-05-17,EN,,Old Binder,March of the Machine,mom,607252,5c644650-3861-4a78-9e39-a413b073ddac,196
1,Karn's Bastion,Normal,NM,2025-05-19,EN,,Old Binder,War of the Spark,war,461175,b9d895af-7e8c-419f-bc5d-5596083fbfb6,248
1,"Karn, Scion of Urza",Normal,NM,2025-06-03,EN,,Old Binder,Dominaria,dom,442889,07a3d9e8-8597-498b-869c-cff79e0df516,1
1,Kaya's Wrath,Foil,NM,2026-02-11,EN,,,Ravnica Allegiance Promos,prna,0,2f822f28-81c7-49dc-bdbe-b40671b0fa49,187s
1,Kaya the Inexorable,Foil,NM,2025-05-19,EN,,Old Binder,Kaldheim,khm,507139,35e3a516-2989-4cac-892f-deb3d754ba7d,288
1,"Keranos, God of Storms",Normal,NM,2025-05-19,EN,,Old Binder,Journey into Nyx,jou,380442,ab70c262-37a9-4dcd-80bb-d4422368eade,151
1,Ketria Triome,Normal,NM,2025-05-19,EN,,Old Binder,Ikoria: Lair of Behemoths,iko,0,f5b5b9bb-ee9f-4a52-bd74-fd2759c8e3d3,310
1,Kindred Summons,Normal,NM,2025-05-17,EN,,Old Binder,Commander 2017,c17,433273,2138a618-8ee7-4965-b597-d3e6339a3a6f,32
1,Kiora's Follower,Normal,NM,2025-05-19,EN,,Old Binder,Born of the Gods Promos,pbng,0,79f1d9d5-c778-4d35-be6c-d7d34ab1c85f,150
1,"Klothys, God of Destiny",Normal,NM,2025-05-19,EN,,Old Binder,Theros Beyond Death,thb,476471,5b3c393c-3596-4bd9-a553-e0b03c2eb950,220
2,Kor Spiritdancer,Normal,NM,2025-05-17,EN,,Old Binder,Rise of the Eldrazi,roe,193544,03066fa1-ea16-4a87-9218-120efa976909,31
1,"Kruphix, God of Horizons",Normal,NM,2025-05-19,EN,,Old Binder,The List,plst,0,1babedec-caf1-4a4b-a151-062ca460cbb6,JOU-152
1,Kuldotha Forgemaster,Normal,NM,2025-05-19,EN,,Old Binder,Scars of Mirrodin,som,215098,ad590bea-b872-4af7-a612-c8e8759d59df,169
1,Laboratory Maniac,Normal,NM,2025-06-03,EN,,Old Binder,Innistrad,isd,230788,809205f3-acf5-4244-b360-09ce4ba76795,61
1,Leyline of Anticipation,Normal,NM,2025-05-17,EN,,Old Binder,Core Set 2020,m20,466818,29b70152-1d7b-45c4-8c85-011d2338e0a8,64
1,Leyline of the Void,Foil,NM,2026-02-11,EN,,,Duskmourn: House of Horror,dsk,673252,b30a559e-79f9-479e-8ef1-65fb91b9507d,376
1,Life from the Loam,Normal,NM,2025-06-03,EN,,Old Binder,Ultimate Masters,uma,456768,d7447c11-05a1-44e4-831a-0bacf97d447d,172
2,Lightning Greaves,Normal,NM,2025-05-19,EN,,Old Binder,Commander 2017,c17,433147,ccff131c-2a66-4ebf-97f1-774c9f41b222,215
1,Lightning Greaves,Normal,NM,2025-05-19,EN,,Old Binder,Commander 2019,c19,470763,9e01e0e4-7e2b-41b5-86de-8e022170b3fc,217
1,"Liliana, Dreadhorde General",Normal,NM,2025-06-03,EN,,Old Binder,War of the Spark,war,461024,d75ebba8-34ca-47a0-bf13-8318ad73b343,97
1,Liliana's Caress,Normal,NM,2025-05-17,EN,,Old Binder,Magic 2011,m11,205035,0d995382-57a6-40a4-9050-31f57cb8dae3,103
2,Lithoform Engine,Normal,NM,2025-05-19,EN,,Old Binder,Zendikar Rising,znr,491896,6683416a-5820-4cd0-b28a-60a53239e9ef,245
1,Living Death,Normal,NM,2025-05-17,EN,,Old Binder,Commander Anthology Volume II,cm2,446804,80e7d9a3-06a1-400d-958c-9b5302e046a6,68
1,Llanowar Scout,Normal,NM,2026-02-11,EN,,,Dominaria,dom,443058,c8026d80-2e91-46f9-ae97-1f137848236c,170
1,Llanowar Wastes,Normal,NM,2026-02-11,EN,,,Commander 2019,c19,470804,ec5506fe-695a-4747-b377-4d806215e121,258
1,"Lotho, Corrupt Shirriff",Foil,NM,2025-06-03,EN,,Old Binder,The Lord of the Rings: Tales of Middle-earth,ltr,617043,ce01ff8f-a037-484f-9148-c847ffaabc5a,213
1,"Lumra, Bellow of the Woods",Normal,NM,2025-06-03,EN,,Old Binder,Bloomburrow,blb,669097,ae4f3aaf-3960-48cd-b34b-32e4ae5ae088,183
2,Maddening Cacophony,Normal,NM,2025-05-17,EN,,Old Binder,Zendikar Rising,znr,491697,10a79733-702c-4611-b073-71db7f1158b2,67
1,Maelstrom Nexus,Normal,NM,2025-05-19,EN,,Old Binder,Double Masters,2xm,489879,e514b13d-2d22-4d9e-a501-b0667f02edac,206
1,Manabarbs,Normal,NM,2025-05-17,EN,,Old Binder,Revised Edition,3ed,1306,8b16d8b7-3ff8-4481-bd4a-aa283b78bead,165
1,Mana Drain,Normal,NM,2025-05-17,EN,,Old Binder,Commander Legends,cmr,497600,ba874c0c-f66f-4edc-9859-40273487aef0,80
2,Mana Geyser,Normal,NM,2025-05-17,EN,,Old Binder,Conspiracy,cns,382302,32cd847e-a247-4f6e-95ea-316e7535e6fb,147
1,Manaweft Sliver,Foil,NM,2025-05-19,EN,,Old Binder,Magic 2014,m14,370599,fe45433b-e124-44d7-9463-dada39310148,184
1,Mandate of Abaddon,Foil,NM,2025-05-17,EN,,Old Binder,"Warhammer 40,000 Commander",40k,0,e680e1a4-e67a-43c0-9314-c3aa7ddc971b,40★
1,Marsh Flats,Normal,NM,2025-06-03,EN,,Old Binder,Modern Horizons 2,mh2,525142,4e8397e6-d13a-4996-8fde-b8a9895de287,476
1,Maze of Ith,Normal,NM,2025-05-19,EN,,Old Binder,Eternal Masters,ema,413783,4b8eee4f-99e3-499d-9d6d-0bff023f6512,241
1,Maze's End,Normal,NM,2025-05-19,EN,,Old Binder,Dragon's Maze,dgm,369038,401f7042-24fd-42a0-ae7c-e6b7de1aa446,152
1,Memorial to Folly,Normal,NM,2026-02-11,EN,,,Dominaria,dom,443130,ebbe56f2-aec5-4e8b-8003-1bf1ca7f5659,242
1,Memorial Vault,Normal,NM,2026-02-11,EN,,,Edge of Eternities,eoe,0,a14ecd13-325a-4555-b1dd-d0d0d0826031,145
1,Mentor of the Meek,Normal,NM,2026-02-11,EN,,,Tales of Middle-earth Commander,ltc,621283,baaf85d2-3595-45ec-8257-f7bc301d308b,173
1,"Michiko Konda, Truth Seeker",Normal,NM,2026-02-11,EN,,,Saviors of Kamigawa,sok,84359,99c56bf0-ad9f-4419-902c-f3a3880c716c,19
1,"Mikaeus, the Unhallowed",Normal,NM,2025-05-17,EN,,Old Binder,Dark Ascension,dka,249896,801b124d-3546-4882-a6e1-c9c353628a18,70
1,Mines of Moria,Normal,NM,2026-02-11,EN,,,The Lord of the Rings: Tales of Middle-earth,ltr,617087,0be723d6-4ada-4c3f-b87b-8ab83a4bbb8f,257
1,Mirage Mirror,Normal,NM,2026-02-11,EN,,,Hour of Devastation,hou,430854,29148d7e-b398-4e19-a29e-d9a660ad5016,165
1,Mirari's Wake,Normal,NM,2025-05-19,EN,,Old Binder,Commander 2017,c17,433113,0b461cce-02c7-4c93-afaa-32400ff82942,181
1,Mirkwood Bats,Normal,NM,2026-02-11,EN,,,The Lord of the Rings: Tales of Middle-earth,ltr,619708,882747f9-b4fe-42be-8fe9-f871cd0779bd,421
1,Mishra's Factory,Normal,NM,2025-06-03,EN,,Old Binder,Fourth Edition,4ed,2387,aff8d4f1-eaad-4afb-9097-2afab133f707,361
1,Mishra's Foundry,Foil,NM,2026-02-11,EN,,,The Brothers' War,bro,585695,e91f9a1e-809b-4bc0-afca-c0c3755d130f,378
1,Misty Rainforest,Normal,NM,2025-05-19,EN,,Old Binder,Modern Horizons 2,mh2,525143,23d8e67a-5150-4782-98d1-da2ca79607ad,477
1,Mithril Coat,Normal,NM,2025-05-19,EN,,Old Binder,The Lord of the Rings: Tales of Middle-earth,ltr,619188,b65ec6ad-80d8-4c76-8b69-fc401a8f1ce8,379
1,Molten Duplication,Normal,NM,2025-05-17,EN,,Old Binder,The Big Score,big,660310,fdbe1ac1-461f-4746-a8d8-6c8dea2c97c6,14
1,Mortify,Normal,NM,2026-02-11,EN,,,Commander Anthology Volume II,cm2,446899,64bdc503-2e67-4ae5-9d59-1c5af25eb486,163
1,Mother of Runes,Normal,NM,2026-02-11,EN,,,The List,plst,0,6f07a7f2-5221-45ef-b8d6-d9d18c882806,ULG-14
1,Mountain,Normal,NM,2026-02-11,EN,,,Double Masters,2xm,491578,6418bc71-de29-410c-baf3-f63f5615eee2,379
1,Mox Tantalite,Normal,NM,2025-05-19,EN,,Old Binder,Modern Horizons,mh1,464175,dcd05b01-dc73-4dd2-970a-32ec6e153c86,226
1,"Muldrotha, the Gravetide",Normal,NM,2025-05-19,EN,,Old Binder,Dominaria,dom,443087,c654737d-34ac-42ff-ae27-3a3bbb930fc1,199
1,Mycosynth Lattice,Normal,NM,2025-05-19,EN,,Old Binder,The List,plst,0,188dfd03-010b-48ca-b0a3-dd9d77947215,BBD-241
1,Myriad Landscape,Normal,NM,2026-02-11,EN,,,Commander 2017,c17,433194,7c63114c-0324-4bca-8d7d-0f83f3b5c0eb,262
2,Mystic Remora,Normal,NM,2025-05-17,EN,,Old Binder,Ice Age,ice,2523,58e93dff-b774-4765-b7bd-d3957e42ff4a,87
1,Narset's Reversal,Normal,NM,2025-05-17,EN,,Old Binder,War of the Spark,war,460989,63754036-d51e-47bb-925b-564d9dc922ff,62
1,Nature's Claim,Normal,NM,2026-02-11,EN,,,Eternal Masters,ema,413720,666a8ac9-d21d-4f3e-84a4-117fbeabbe8b,178
1,Necroblossom Snarl,Normal,NM,2026-02-11,EN,,,Phyrexia: All Will Be One Commander,onc,605900,accbaeaf-f6c4-4588-8099-ef91e69a5555,160
1,Necroskitter,Normal,NM,2025-05-17,EN,,Old Binder,Eventide,eve,152080,02907b62-5456-4605-a8cd-321487928761,38
1,Norin the Wary,Foil,NM,2025-05-17,EN,,Old Binder,The List,plst,0,45524a5f-253e-4fd7-a359-be6df50c0f53,TSP-171
1,Noxious Revival,Normal,NM,2025-05-17,EN,,Old Binder,The List,plst,0,2456cf8e-06c3-408a-a182-fd10ec3aef64,NPH-118
1,Noxious Revival,Normal,NM,2025-05-17,EN,,Old Binder,New Phyrexia,nph,230067,1bdd1243-1d14-496a-9b7a-0c5b34461361,118
1,"Nykthos, Shrine to Nyx",Normal,NM,2025-05-19,EN,,Old Binder,Theros,ths,373713,834b27a0-dfd7-4f96-8cde-cacac4b24acc,223
1,"Nykthos, Shrine to Nyx",Foil,NM,2025-05-19,EN,,Old Binder,Theros,ths,373713,834b27a0-dfd7-4f96-8cde-cacac4b24acc,223
1,"Oko, Thief of Crowns",Normal,NM,2025-05-19,EN,,Old Binder,Throne of Eldraine,eld,473159,3462a3d0-5552-49fa-9eb7-100960c55891,197
1,"Oloro, Ageless Ascetic",Normal,NM,2025-05-19,EN,,Old Binder,Commander 2013,c13,376436,abf8df47-405c-42d8-be9e-0f0d0a49589b,203
1,Oracle of Mul Daya,Normal,NM,2025-06-03,EN,,Old Binder,Zendikar,zen,185737,7f89a173-0b2f-4a6a-b706-9aed8dbcabec,172
1,Orcish Bowmasters,Normal,NM,2026-02-11,EN,,,The Lord of the Rings: Tales of Middle-earth,ltr,616933,7c024bae-5631-4e20-ac69-df392ac9e109,103
1,Ordeal of Nylea,Normal,NM,2026-02-11,EN,,,Neon Dynasty Commander,nec,554205,fdbbbe4a-976c-4eb3-b32c-eef892b7699d,123
1,Ornithopter of Paradise,Normal,NM,2026-02-11,EN,,,Modern Horizons 2,mh2,525611,23ac45cf-4dc8-47b9-8ca8-e72464f745d6,430
1,Overgrown Tomb,Normal,NM,2025-06-03,EN,,Old Binder,Guilds of Ravnica,grn,453003,eff1f52c-5c43-4260-aaa0-6920846a191c,253
1,"Ozolith, the Shattered Spire",Normal,NM,2025-05-17,EN,,Old Binder,March of the Machine,mom,607254,c9eee658-29e8-4ab5-8a0e-31f2f28a9a92,198
1,Painful Quandary,Normal,NM,2026-02-11,EN,,,Scars of Mirrodin,som,212243,fecf3dae-1a0c-4cf3-b9bd-ec2ad6acaa1b,73
1,Panharmonicon,Normal,NM,2025-05-19,EN,,Old Binder,Kaladesh,kld,417799,15856326-d943-476a-9d31-898b9f990bb6,226
1,Paradox Haze,Foil,NM,2025-05-17,EN,,Old Binder,The List,plst,0,09dc5495-e992-4709-b04f-7ac980b6e99f,TSP-71
1,Path to Exile,Normal,NM,2026-02-11,EN,,,The List,plst,0,f37b9440-64fb-4467-9840-92610f19ccd7,E02-3
1,Patriar's Seal,Normal,NM,2026-02-11,EN,,,The List,plst,0,08bf0e79-efb8-4348-9b73-90293ac8f306,CLB-332
1,Phyrexian Arena,Foil,NM,2026-02-11,EN,,,Phyrexia: All Will Be One,one,604756,fb0ecf3a-ac0e-45a6-98ae-8c043c636252,384
1,Phyrexian Arena,Normal,NM,2025-06-03,EN,,Old Binder,Eighth Edition,8ed,45339,7a1cc51f-91bc-4c0a-8fee-84eef1479cd8,152
2,Phyrexian Crusader,Normal,NM,2025-05-17,EN,,Old Binder,Mirrodin Besieged,mbs,213724,32aaa8b9-987b-4809-8a54-aa29bdc18805,50
1,Phyrexian Metamorph,Normal,NM,2025-05-17,EN,,Old Binder,The List,plst,0,34dbcdfe-b48c-44cb-b232-b484f5116cd4,NPH-42
1,Phyrexian Reclamation,Normal,NM,2025-06-03,EN,,Old Binder,Urza's Legacy,ulg,12945,228a2bb7-d9f0-47b5-a0d9-2adf1b33e995,63
1,Phyrexian Reclamation,Normal,NM,2025-05-17,EN,,Old Binder,Commander 2013,c13,376448,50186729-8ba7-47a5-8e82-2da78b9736f0,88
1,Pitiless Plunderer,Normal,NM,2025-05-17,EN,,Old Binder,Rivals of Ixalan,rix,439738,c87ebffe-5907-427b-9f9b-7c36a12b4a03,81
1,Plains,Normal,NM,2026-02-11,EN,,,Double Masters,2xm,491572,cc3db531-3f21-49a2-8aeb-d98b7db94397,373
1,Plateau,Normal,NM,2026-02-10,EN,,,Revised Edition,3ed,1378,c6ae9cff-8646-4069-8761-df734e067beb,284
1,Platinum Angel,Normal,NM,2025-05-19,EN,,Old Binder,Conspiracy: Take the Crown,cn2,416971,ca7f4fd6-e268-4d15-bfbf-d9f0f95864fc,214
1,Polluted Delta,Normal,NM,2025-06-03,EN,,Old Binder,Modern Horizons 3,mh3,661666,797b30b0-bc82-43fd-a842-d5879e2441bd,465
1,Pongify,Normal,NM,2025-06-03,EN,,Old Binder,Double Masters,2xm,489735,40b7a6db-e0a3-45f7-9ef7-e4fd5490adb7,62
1,Primevals' Glorious Rebirth,Foil,NM,2025-05-19,EN,,Old Binder,Dominaria,dom,443089,80dd2950-502c-4859-85fe-9fbef09aef43,201
1,Prismatic Vista,Normal,NM,2025-06-03,EN,,Old Binder,Modern Horizons,mh1,464193,e37da81e-be12-45a2-9128-376f1ad7b3e8,244
1,Propaganda,Normal,NM,2025-05-17,EN,,Old Binder,The List,plst,0,01115986-1963-45c6-b706-2faee6c71e8f,C16-94
1,Psychic Frog,Foil,NM,2025-06-03,EN,,Old Binder,Modern Horizons 3,mh3,662351,68924203-c3d9-41ce-8ca8-c6dd491eb3ca,199
1,Putrefy,Normal,NM,2026-02-11,EN,,,Commander 2019,c19,470743,4ff773ac-ba7a-45da-a912-07222f7bf781,197
1,Pyretic Ritual,Foil,NM,2025-05-17,EN,,Old Binder,The List,plst,0,ac3f40b1-fcd7-456c-afb9-759df8352e43,M11-153
1,Pyroblast,Normal,NM,2025-05-17,EN,,Old Binder,Ice Age,ice,2649,c342cac5-08ae-4428-9c2c-f6c5904e54d2,213
1,Queen Marchesa,Etched,NM,2026-02-11,EN,,,Commander Legends,cmr,503334,d6c04d8d-f552-4af3-b014-efb7a1c577f8,531
1,"Raffine, Scheming Seer",Normal,NM,2025-06-03,EN,,Old Binder,Streets of New Capenna,snc,558725,bc85a0ae-aee8-4a19-a8fc-9f915d7c1499,327
1,Raffine's Tower,Foil,NM,2025-06-03,EN,,Old Binder,Streets of New Capenna,snc,555455,a2c56479-4bee-4edb-80d7-4af010b7c793,254
1,"Ragavan, Nimble Pilferer",Normal,NM,2026-02-11,EN,,,Modern Horizons 2 Timeshifts,h2r,0,8d27e717-8bda-44dc-90b9-a6f7029c7b93,11
1,Rainbow Vale,Normal,NM,2025-05-19,EN,,Old Binder,Fallen Empires,fem,2010,c1b138e1-f8fc-435c-9aed-98004768479c,99
1,Rakdos Charm,Normal,NM,2026-02-11,EN,,,Commander 2017,c17,433122,a65cfd49-3df7-4c75-832f-657958a27de3,190
1,"Ramos, Dragon Engine",Etched,NM,2025-05-19,EN,,Old Binder,Commander Legends,cmr,503348,5865c39e-847e-4dc6-8e6c-a4200124f21f,545
1,Ramunap Excavator,Normal,NM,2025-06-03,EN,,Old Binder,Commander Legends,cmr,500913,8870ef0b-cb1f-463b-8509-fece4743d3d4,433
1,Rancor,Normal,NM,2026-02-11,EN,,,Urza's Legacy,ulg,12433,59e256c2-38df-4012-9308-ce17dd889e5f,110
1,Raugrin Triome,Foil,NM,2025-05-19,EN,,Old Binder,Ikoria: Lair of Behemoths,iko,0,c303a627-cce3-4045-81f8-fe7427e0a941,311
1,Raugrin Triome,Normal,NM,2025-05-19,EN,,Old Binder,Ikoria: Lair of Behemoths,iko,0,c303a627-cce3-4045-81f8-fe7427e0a941,311
1,"Razaketh, the Foulblooded",Normal,NM,2025-05-17,EN,,Old Binder,Hour of Devastation,hou,430762,e14adff9-33cc-467e-b782-068854c5e7b7,73
1,Reanimate,Normal,NM,2025-06-03,EN,,Old Binder,Archenemy,arc,220576,bee3dad4-88d8-424c-b3f8-d089b6891fb8,21
1,Reanimate,Normal,NM,2025-05-17,EN,,Old Binder,Breaking News,otp,657763,609c34f9-9f53-4773-a02b-517209024fc2,18
1,Reassembling Skeleton,Normal,NM,2026-02-11,EN,,,Magic 2012,m12,226565,75c219bc-a140-4ecd-953a-eef2cc552d58,104
1,Red Elemental Blast,Normal,NM,2025-05-17,EN,,Old Binder,Masters 25,a25,442136,70a45e9b-699e-425a-9f3d-267274830d3e,147
1,Reflecting Pool,Normal,NM,2025-06-03,EN,,Old Binder,Tempest,tmp,4936,7b633ac2-bf98-42bd-8c26-8737a7d8edc7,322
1,Regrowth,Normal,NM,2026-02-11,EN,,,Masters 25,a25,442176,fb187bce-54fe-4adb-bf67-ad588d38ee66,187
1,Relentless Assault,Normal,NM,2025-05-17,EN,,Old Binder,Commander Legends,cmr,500896,97622209-9357-4347-8961-f77f8d2389d8,416
1,Relic of Sauron,Normal,NM,2025-05-19,EN,,Old Binder,Tales of Middle-earth Commander,ltc,620765,175b3d28-5c74-4972-9b5c-5e39762c78f4,79
1,Render Silent,Normal,NM,2025-05-19,EN,,Old Binder,Dragon's Maze,dgm,369022,e3f3d6e4-0abe-4042-a7f6-0395683e8582,96
1,Rest in Peace,Normal,NM,2026-02-11,EN,,,Return to Ravnica,rtr,277995,37c2b1d1-faa0-40fd-82f4-216604ce7635,18
1,Reverberate,Normal,NM,2025-05-17,EN,,Old Binder,Magic 2012,m12,233722,7062e2f3-bf4a-4a9a-962c-b45718a464bc,152
1,Ring of Three Wishes,Normal,NM,2025-05-19,EN,,Old Binder,Magic 2014,m14,370580,219ab03a-2b3b-4eef-8a42-2cbe793d2f33,216
1,Rings of Brighthearth,Normal,NM,2025-05-19,EN,,Old Binder,Commander Legends,cmr,497855,838ffc87-517a-4d94-8ce0-bc9ed01ecc52,335
1,Rite of Replication,Normal,NM,2025-05-17,EN,,Old Binder,Commander 2015,c15,405360,67432030-2ff6-4926-8320-3d813ed5888a,105
1,Road of Return,Normal,NM,2026-02-11,EN,,,Commander 2019,c19,470580,e718b21b-46d1-4844-985c-52745657b1ac,34
1,Sacred Foundry,Normal,NM,2025-05-19,EN,,Old Binder,Guilds of Ravnica,grn,453004,b7b598d0-535d-477d-a33d-d6a10ff5439a,254
1,Sage of Hours,Normal,NM,2025-06-03,EN,,Old Binder,Journey into Nyx,jou,380491,8cb55caf-fc95-40dc-80af-5144f94333ee,50
1,Sakura-Tribe Scout,Normal,NM,2025-06-03,EN,,Old Binder,Saviors of Kamigawa,sok,74210,9cbdda50-8a27-4094-849d-b6f66def82ce,144
1,Sanguine Bond,Normal,NM,2025-05-17,EN,,Old Binder,Commander 2013,c13,376480,6296e928-6995-469f-a5fb-acb3e0989659,92
1,Savai Triome,Normal,NM,2025-05-19,EN,,Old Binder,Ikoria: Lair of Behemoths,iko,0,d21ef9e6-e2dd-4e0a-a36c-e07034ac4ba3,312
1,Scalding Tarn,Normal,NM,2025-05-19,EN,,Old Binder,Modern Horizons 2,mh2,525144,229ecfc9-8d6b-4fdb-9001-64dc3e4e7a3f,478
1,Scavenged Brawler,Normal,NM,2025-05-19,EN,,Old Binder,The Brothers' War Commander,brc,588563,3e85dbfe-135d-48a8-be11-399f221073ac,64
1,Scourge of the Throne,Normal,NM,2026-02-11,EN,,,Tales of Middle-earth Commander,ltc,621335,89b46f36-6115-4d86-82a3-9397a123091c,225
1,Scrubland,Normal,NM,2026-02-10,EN,,,Revised Edition,3ed,1380,472034a2-0ba9-4876-ab7a-aa7013d603bb,286
1,Scute Swarm,Normal,NM,2025-05-17,EN,,Old Binder,Zendikar Rising,znr,491851,61f42823-8a48-4b81-a037-664ba1c69f29,203
1,Seedborn Muse,Normal,NM,2025-05-17,EN,,Old Binder,Commander 2019,c19,470725,e3174fb4-5ce1-4594-b338-e301228e6484,179
1,Sejiri Shelter // Sejiri Glacier,Normal,NM,2026-02-11,EN,,,Zendikar Rising,znr,491662,f25d56f9-aa54-4657-9ac9-e93fbba3e715,37
1,Setessan Champion,Normal,NM,2025-05-17,EN,,Old Binder,Theros Beyond Death,thb,0,e8b2168d-38e5-429f-8663-f0d258c9c441,331
1,Setessan Champion,Normal,NM,2025-05-17,EN,,Old Binder,Theros Beyond Death,thb,476449,f8ce9858-747e-441c-95a8-6af44aa2098d,198
2,Shadowspear,Normal,NM,2025-05-19,EN,,Old Binder,Theros Beyond Death,thb,476487,939c6e19-4b27-4023-bb9c-ae440f91e21c,236
1,Shadowy Backstreet,Normal,NM,2026-02-11,EN,,,Murders at Karlov Manor,mkm,646822,69c1b656-1d67-499c-bf0f-417682a86c7d,268
1,Shark Typhoon,Normal,NM,2025-05-17,EN,,Old Binder,Ikoria: Lair of Behemoths,iko,0,5dfd8d35-3f73-4181-80a3-d4d69badcc47,319
1,Shoot the Sheriff,Normal,NM,2026-02-11,EN,,,Outlaws of Thunder Junction,otj,655047,180d6528-c524-4bb8-8a72-b3775cd2c177,106
1,Sigarda's Aid,Normal,NM,2025-05-17,EN,,Old Binder,Commander Legends,cmr,500864,531da950-dc96-4050-94a8-e01b73ddd965,384
1,Silent Clearing,Normal,NM,2025-05-19,EN,,Old Binder,Modern Horizons,mh1,464195,ac07e230-0297-4e1d-bdfe-119010e0ad8e,246
1,"Skullbriar, the Walking Grave",Etched,NM,2025-05-19,EN,,Old Binder,Double Masters 2022,2x2,573508,3159553d-ab09-4970-8c68-613a9cd56a2d,540
1,Skullclamp,Normal,NM,2025-06-03,EN,,Old Binder,Commander 2017,c17,433154,ab56119b-1e13-44d4-b73b-991488c039f1,222
1,Skullclamp,Normal,NM,2025-05-19,EN,,Old Binder,Commander 2016,c16,420888,9090c72c-8d6f-4e94-9111-e5f6929094db,271
1,Skyshroud Claim,Normal,NM,2025-06-03,EN,,Old Binder,Nemesis,nem,22891,cf3e09ff-c917-4c0c-8ddb-e152b4b0b82c,117
1,Smothering Tithe,Normal,NM,2025-05-17,EN,,Old Binder,Ravnica Allegiance,rna,457166,7af082fa-86a3-4f7b-966d-2be1f1d0c0bc,22
3,Snow-Covered Forest,Normal,NM,2026-02-11,EN,,,Modern Horizons,mh1,464203,1c59fc48-704b-4187-b9d3-2a2cff6dd54b,254
1,Snow-Covered Mountain,Normal,NM,2026-02-11,EN,,,Modern Horizons,mh1,464202,d2209e6f-1d9d-43bb-a314-a8fefc509e78,253
1,Snow-Covered Plains,Normal,NM,2026-02-11,EN,,,Modern Horizons,mh1,464199,7a961768-6166-4852-b518-23eb4cced47d,250
3,Snow-Covered Swamp,Normal,NM,2026-02-11,EN,,,Modern Horizons,mh1,464201,c835f235-4196-4281-9788-13e5d54a92d0,252
1,Snow-Covered Swamp,Normal,NM,2026-02-11,EN,,,Modern Horizons,mh1,464201,c835f235-4196-4281-9788-13e5d54a92d0,252
1,Sol Ring,Normal,NM,2026-02-11,EN,,,Commander 2013,c13,376508,1b59533a-3e38-495d-873e-2f89fbd08494,259
1,Sol Ring,Normal,NM,2026-02-11,EN,,,Commander Anthology Volume II,cm2,446953,f9a32f17-49c4-4654-a087-1ba474f37377,217
1,"Sorin, Grim Nemesis",Normal,NM,2025-05-19,EN,,Old Binder,Shadows over Innistrad,soi,410016,c2933144-c931-498a-9e91-f5165873c3b7,251
1,Soul Warden,Normal,NM,2025-05-17,EN,,Old Binder,Magic 2010,m10,190571,6bbdd169-958f-42df-812d-f75fbed9576f,34
1,Spell Snare,Normal,NM,2025-05-17,EN,,Old Binder,The List,plst,0,08f23119-6977-4d89-9f11-cf3e5aea1792,DIS-33
1,Sphere of Safety,Normal,NM,2025-05-17,EN,,Old Binder,Return to Ravnica,rtr,270969,ce3bd0d8-7e44-4cf2-9012-8ff0bc39417f,24
1,Spikefield Hazard // Spikefield Cave,Foil,NM,2026-02-11,EN,,,Zendikar Rising,znr,491809,a69541db-3f4e-412f-aa8e-dec1e74f74dc,166
1,Spine of Ish Sah,Normal,NM,2026-02-11,EN,,,Commander Anthology Volume II,cm2,446956,8c8ae40b-1c7f-4025-8d25-b09a2d1a29f6,220
1,Spirit Mantle,Normal,NM,2025-05-17,EN,,Old Binder,Commander Legends,cmr,500865,ee5fdaa3-7879-4fa3-a157-60c7890a660a,385
1,Splinter Twin,Normal,NM,2025-05-17,EN,,Old Binder,Rise of the Eldrazi,roe,193474,2f8f22fb-7291-4517-9b15-e98501f2856b,165
1,Steam Vents,Normal,NM,2025-05-19,EN,,Old Binder,Guilds of Ravnica,grn,453007,b8ebe3cf-7143-453a-b0ef-2f5bdaac3185,257
1,Stitch Together,Normal,NM,2025-06-03,EN,,Old Binder,Commander Anthology Volume II,cm2,446814,b7ee82ac-08e3-45e3-9817-0369a4ae72db,78
1,Stock Up,Normal,NM,2025-05-17,EN,,Old Binder,Aetherdrift,dft,690504,0a786855-6eb4-42c0-a528-4842db46809d,67
1,Stomping Ground,Normal,NM,2025-05-19,EN,,Old Binder,Gatecrash,gtc,366232,f29f3415-971c-4a5d-aae9-3893f4bdab1e,247
1,Strionic Resonator,Normal,NM,2025-05-19,EN,,Old Binder,Commander 2019,c19,470770,88326f60-1c86-4aca-8e6a-b1882a048635,224
1,Stunt Double,Foil,NM,2025-05-19,EN,,Old Binder,Conspiracy: Take the Crown,cn2,416795,3344c1ea-e8b2-481e-b9eb-604c87e34925,38
1,Sudden Substitution,Normal,NM,2025-05-17,EN,,Old Binder,Commander 2019,c19,470557,9f7983bf-2a3b-4428-8c01-35285f589da8,11
1,Sulfurous Springs,Normal,NM,2026-02-11,EN,,,Tales of Middle-earth Commander,ltc,621444,119ea61b-8575-4491-a422-2eadebe8b261,334
1,Sunbaked Canyon,Normal,NM,2025-05-19,EN,,Old Binder,Modern Horizons,mh1,464196,c36820fa-ee86-4206-9a0d-737a67cf5208,247
1,Sundial of the Infinite,Normal,NM,2025-05-19,EN,,Old Binder,Magic 2012,m12,228118,36d3da9c-cb7a-4cea-b6e6-6722bd16c73c,218
1,Sunforger,Normal,NM,2025-05-19,EN,,Old Binder,Commander Legends,cmr,500953,dd3e42ee-ab13-460b-90fd-86e677abce4f,473
1,Surveyor's Scope,Normal,NM,2025-05-19,EN,,Old Binder,Commander 2013,c13,376531,07a2e39d-037a-464e-9102-f06feebefaf9,262
1,Swamp,Normal,NM,2026-02-11,EN,,,Assassin's Creed,acr,666726,07a6df7a-a080-4aef-9a76-5b08bbc4e762,106
2,Swamp,Foil,NM,2026-02-11,EN,,,Assassin's Creed,acr,666726,07a6df7a-a080-4aef-9a76-5b08bbc4e762,106
1,Swamp,Normal,NM,2026-02-11,EN,,,Double Masters,2xm,491576,8e5eef83-a3d4-44c7-a6cb-7f6803825b9e,377
1,Swan Song,Normal,NM,2025-05-17,EN,,Old Binder,Commander 2016,c16,420715,9d968dde-c406-48ef-a1ab-373aebc24693,98
1,Sword of the Animist,Normal,NM,2025-06-03,EN,,Old Binder,Commander 2017,c17,433159,6b3a3944-c3e6-4710-a509-7f970cd692a2,227
1,Sword of the Animist,Normal,NM,2025-05-19,EN,,Old Binder,Magic Origins,ori,398492,f3687c36-c0ae-4dba-9379-b420236bf529,240
1,Sword of Truth and Justice,Normal,NM,2025-05-19,EN,,Old Binder,Modern Horizons,mh1,464178,2be8d24e-1370-4e85-90f2-66b6d6e9c4a4,229
1,Swords to Plowshares,Normal,NM,2026-02-11,EN,,,Commander 2017,c17,433008,d8d4eaeb-6546-44d8-a96f-7270e23014d1,76
1,Sylvan Library,Normal,NM,2025-06-03,EN,,Old Binder,Fourth Edition,4ed,2240,b1a9682c-ecca-4caa-9e5a-17874167082b,273
1,Tainted Field,Normal,NM,2026-02-11,EN,,,Duel Decks: Sorin vs. Tibalt,ddk,368529,82eea1f3-b8b3-4369-964e-32c3917be90c,34
1,Tale's End,Normal,NM,2025-05-17,EN,,Old Binder,Core Set 2020,m20,466831,1421115b-9a98-4ab2-bcb2-7d8899ce12db,77
1,"Teferi, Master of Time",Foil,NM,2025-05-17,EN,,Old Binder,Core Set 2021,m21,485398,9c0c61e3-9f3d-4e7f-9046-0ea336dd8a2d,75
1,"Teferi, Master of Time",Normal,NM,2025-05-17,EN,,Old Binder,Core Set 2021,m21,489165,2d1ff397-2445-459a-ae4e-7bf1cd48f490,275
1,Temple Bell,Normal,NM,2025-05-19,EN,,Old Binder,Magic 2011,m11,205058,8c99cde3-8ba5-44bf-bbaa-1a12c6cac925,217
2,Temple Garden,Normal,NM,2025-05-19,EN,,Old Binder,Guilds of Ravnica,grn,453008,2b9b0195-beda-403e-bc27-7ae3be9f318c,258
1,Temple of the False God,Normal,NM,2026-02-11,EN,,,Commander 2019,c19,470826,22c66095-ee5d-4258-8e24-78e81b64a519,280
1,Temporal Mastery,Normal,NM,2025-05-17,EN,,Old Binder,The List,plst,0,5c2e92a6-6e18-490c-a39c-327f0ea5efa5,MM3-54
1,Tempt with Discovery,Normal,NM,2025-06-03,EN,,Old Binder,Commander 2019,c19,470729,79248b68-4fab-46da-ab15-5c71c1f68d4b,183
1,Tendershoot Dryad,Normal,NM,2025-05-17,EN,,Old Binder,Rivals of Ixalan,rix,439804,a159830a-698f-423c-9da0-a734b210ecab,147
1,"Tezzeret, Cruel Captain",Normal,NM,2026-02-11,EN,,,Edge of Eternities,eoe,0,02e8e540-8aa3-4e6a-9a11-c3949cab5f0f,2
1,"Thassa, Deep-Dwelling",Normal,NM,2025-05-19,EN,,Old Binder,Theros Beyond Death,thb,0,27b52628-de05-4ec1-9978-e998cf17bb26,261
1,"Thassa, Deep-Dwelling",Foil,NM,2025-05-17,EN,,Old Binder,Theros Beyond Death,thb,476322,c83ed3e0-82d0-4410-a6ca-b0f923eadf83,71
2,Thassa's Oracle,Normal,NM,2025-05-17,EN,,Old Binder,Theros Beyond Death,thb,476324,726e8b29-13e9-4138-b6a9-d2a0d8188d1c,73
1,The Black Gate,Normal,NM,2025-05-19,EN,,Old Binder,Tales of Middle-earth Commander,ltc,620766,46418186-c215-47c4-9d0a-d15a1d8ca613,80
1,The Jolly Balloon Man,Foil,NM,2026-02-11,EN,,,Duskmourn: House of Horror,dsk,673007,594df270-02d0-438b-a758-c32d71e8d4ff,359
1,There and Back Again,Normal,NM,2025-05-17,EN,,Old Binder,The Lord of the Rings: Tales of Middle-earth,ltr,616981,939b0bd0-24ea-45de-a2d3-37bbf6a3e6f9,151
1,Thespian's Stage,Normal,NM,2026-02-11,EN,,,Gatecrash,gtc,366353,b6f27909-e5cd-44c0-91c4-21624f692fd9,248
1,Thespian's Stage,Normal,NM,2026-02-11,EN,,,Commander 2019,c19,470828,954c7792-c147-401d-bbe5-f1773ae3b301,282
1,Thousand-Year Elixir,Normal,NM,2025-06-03,EN,,Old Binder,Commander 2013,c13,376551,2b6ccfdc-acfb-4e73-a583-0c6964b86083,266
1,Thundering Falls,Normal,NM,2025-05-19,EN,,Old Binder,Murders at Karlov Manor,mkm,646823,17260fff-b239-4af4-9306-3236ae3fa5a5,269
1,"Titania, Protector of Argoth",Normal,NM,2026-02-11,EN,,,The List,plst,0,610a4f3d-3d92-4b7f-bc6e-89a87b7c7717,MH2-287
1,Torment of Hailfire,Normal,NM,2025-05-17,EN,,Old Binder,Hour of Devastation,hou,430766,f69d77d1-5980-436c-bf48-790939b069aa,77
1,Torpor Orb,Normal,NM,2025-05-19,EN,,Old Binder,New Phyrexia,nph,233069,953610f6-ea96-4e71-969f-50ecac09c091,162
1,Toxic Deluge,Normal,NM,2025-06-03,EN,,Old Binder,Commander 2013,c13,376559,564caf57-4ba5-4993-a35e-945699c94eb7,96
1,Tragic Slip,Normal,NM,2026-02-11,EN,,,Conspiracy,cns,382384,966cfbfb-775c-474e-b26c-df26e909dea8,128
1,Training Grounds,Normal,NM,2025-05-17,EN,,Old Binder,Rise of the Eldrazi,roe,193490,e2cf16f8-6e69-46b3-8453-1d1a2a5670e2,91
1,Treasured Find,Normal,NM,2026-02-11,EN,,,Return to Ravnica,rtr,270375,a2c0e00b-2290-493f-a3fc-3b9bff2830cc,204
1,Treasure Map // Treasure Cove,Normal,NM,2026-02-11,EN,,,Ixalan,xln,435410,c0f9c733-0818-4a03-8f0c-a163d09e0fff,250
1,Treasure Nabber,Normal,NM,2026-02-11,EN,,,Tales of Middle-earth Commander,ltc,621340,27822718-27eb-484d-94b9-55fbe3fc03cc,230
1,"Trostani, Selesnya's Voice",Normal,NM,2025-05-19,EN,,Old Binder,Commander 2019,c19,470750,34ea44f2-cb2f-4b86-83fc-fe507f05bb9d,204
1,Twinflame Tyrant,Normal,NM,2025-05-17,EN,,Old Binder,Foundations,fdn,679174,1eb34f51-0bd2-43c3-af95-2ce8dabcc7bb,97
1,Tyrite Sanctum,Foil,NM,2025-05-19,EN,,Old Binder,Kaldheim,khm,503892,309ff3bf-acd3-4bea-b518-6e25f6cfce61,272
1,Tyrite Sanctum,Normal,NM,2025-05-19,EN,,Old Binder,Kaldheim,khm,507240,923cc143-3ef2-4e08-a5e3-41753f0f704c,372
1,"Tyvar, Jubilant Brawler",Normal,NM,2026-02-11,EN,,,Phyrexia: All Will Be One,one,602748,66605fe1-9a20-4c95-b53e-1249cedb978b,218
1,"Ugin, the Spirit Dragon",Normal,NM,2025-05-19,EN,,Old Binder,Core Set 2021,m21,488173,1bacda35-bb91-4537-a14d-846650fa85f6,279
1,"Ulamog, the Ceaseless Hunger",Normal,NM,2025-05-19,EN,,Old Binder,Battle for Zendikar,bfz,402079,1192f7a9-102e-4b3a-b154-18c8eb332217,15
2,Undercity Sewers,Normal,NM,2025-05-19,EN,,Old Binder,Murders at Karlov Manor,mkm,646824,2b5801fb-2026-4f25-98bc-ebb2f99684b9,270
1,Underground Mortuary,Normal,NM,2026-02-11,EN,,,Murders at Karlov Manor,mkm,649313,0d8938e4-bfa5-47e1-8c71-9c6583346300,333
1,Underworld Breach,Normal,NM,2025-05-17,EN,,Old Binder,Theros Beyond Death,thb,476412,0e51d796-7279-4c06-87f0-37adbdaa41df,161
1,Unwinding Clock,Normal,NM,2025-05-19,EN,,Old Binder,Commander 2018,c18,451183,c3fd1a59-4ade-459f-90d2-1fc67d6d1384,228
1,"Urborg, Tomb of Yawgmoth",Normal,NM,2025-06-03,EN,,Old Binder,Magic 2015,m15,383425,fa48b15c-7312-4f3f-b7aa-b2ad98234bf1,248
1,"Urborg, Tomb of Yawgmoth",Normal,NM,2025-05-19,EN,,Old Binder,Magic 2015,m15,383425,fa48b15c-7312-4f3f-b7aa-b2ad98234bf1,248
1,"Urborg, Tomb of Yawgmoth",Normal,NM,2025-05-19,EN,,Old Binder,Time Spiral Remastered,tsr,509652,9e1a9e38-6ffc-490f-b0be-23ba4e8204c6,287
1,Urza's Incubator,Normal,NM,2025-05-19,EN,,Old Binder,Commander Anthology Volume II,cm2,446964,94e10277-a935-4c78-b45f-52ab5ea0f95c,228
1,Urza's Saga,Normal,NM,2026-02-11,EN,,,Modern Horizons 2,mh2,526748,2138dfbb-a4e3-49db-b908-95d0b2b7e82f,380
1,Vanquisher's Banner,Normal,NM,2025-05-19,EN,,Old Binder,Ixalan,xln,435412,60b7a85f-3a30-4ece-9bbb-61f3c4b796b8,251
1,Vedalken Orrery,Normal,NM,2025-05-19,EN,,Old Binder,Conspiracy,cns,382398,178c71e6-a905-4050-b483-044462c4c1c5,206
1,"Venser, the Sojourner",Normal,NM,2025-05-19,EN,,Old Binder,Scars of Mirrodin,som,212240,3d48d62e-5c1f-464c-aa81-8a5d2690f48e,135
1,Verdant Catacombs,Normal,NM,2025-06-03,EN,,Old Binder,Modern Horizons 2,mh2,525145,c7057b04-e22f-4e33-9f08-b9fbd2e54bf5,479
1,Vile Entomber,Normal,NM,2026-02-11,EN,,,Modern Horizons 2,mh2,522184,d890ae71-da2b-44fa-8cfa-9c3016c9f696,108
1,Vindicate,Normal,NM,2026-02-11,EN,,,Masters 25,a25,442208,1658f12b-8ac5-4d29-86d5-f20c4d5f7e48,219
1,"Vito, Thorn of the Dusk Rose",Normal,NM,2026-02-11,EN,,,Core Set 2021,m21,485450,0fe79ee4-c3f3-4a6b-a967-203ca3b70ee5,127
1,"Vivien, Monsters' Advocate",Normal,NM,2025-05-17,EN,,Old Binder,Ikoria: Lair of Behemoths,iko,479695,504ebb84-7e7b-4119-a128-a9c183c5d9de,175
1,"Vorinclex, Voice of Hunger",Normal,NM,2025-05-17,EN,,Old Binder,New Phyrexia,nph,218002,0806adab-6a08-411b-b249-e1c58ade354b,127
1,Walking Atlas,Normal,NM,2026-02-11,EN,,,Worldwake,wwk,198375,53515042-e729-4a7c-ac3b-36ef70dbbe8d,131
1,Warleader's Call,Normal,NM,2025-05-19,EN,,Old Binder,Murders at Karlov Manor,mkm,646796,b3e8f8bd-1c8b-4a7c-96c4-57a247ce9ccc,242
1,Watery Grave,Normal,NM,2025-06-03,EN,,Old Binder,Guilds of Ravnica,grn,453009,7d4595f2-9297-40dc-b2dd-7144bbb401f7,259
1,Wayward Swordtooth,Normal,NM,2025-06-03,EN,,Old Binder,Rivals of Ixalan,rix,439807,351e8b1b-4e4e-4ffc-a134-3cf0e2a1dd6d,150
1,Whirlwind of Thought,Normal,NM,2025-05-19,EN,,Old Binder,Ikoria: Lair of Behemoths,iko,0,b6c48195-074a-4236-a82d-603b5dd1aa66,348
1,Whispersilk Cloak,Normal,NM,2025-05-19,EN,,Old Binder,Magic 2011,m11,206342,d83821b3-a6a6-4a15-9169-5c6d1942903d,221
1,Wight of the Reliquary,Foil,NM,2025-06-03,EN,,Old Binder,Modern Horizons 3,mh3,661661,915715f7-5487-47aa-ada5-de1bce282164,460
1,Windfall,Normal,NM,2025-05-17,EN,,Old Binder,Commander Anthology Volume II,cm2,446791,011beb9f-0780-4b38-81ac-f1a9a0970303,55
1,Windswept Heath,Normal,NM,2025-05-19,EN,,Old Binder,Modern Horizons 3,mh3,662387,bd1d13f7-fd38-4f0b-a8e0-1eac78668117,235
1,"Winota, Joiner of Forces",Normal,NM,2025-05-19,EN,,Old Binder,Ikoria: Lair of Behemoths,iko,479736,5dd13a6c-23d3-44ce-a628-cb1c19d777c4,216
1,Witch-king of Angmar,Normal,NM,2025-05-17,EN,,Old Binder,The Lord of the Rings: Tales of Middle-earth,ltr,619710,77759762-8684-4513-92c5-72c86d43b8bd,423
1,Witch's Cottage,Normal,NM,2026-02-11,EN,,,Throne of Eldraine,eld,473211,b87891cd-b457-4dff-8d18-a7eaf6748fc6,249
1,Witch's Oven,Foil,NM,2026-02-11,EN,,,Throne of Eldraine,eld,473199,04ef8493-d986-45f8-a718-617b028f7ad4,237
2,Wonder,Normal,NM,2025-05-17,EN,,Old Binder,Judgment,jud,33720,44670666-9028-4b4a-a5af-a3bf35fc6a21,54
1,Wonder,Normal,NM,2025-05-17,EN,,Old Binder,Commander 2013,c13,376591,96593e24-8a6a-49a8-b1bc-773048f429d6,67
1,Wooded Foothills,Normal,NM,2025-05-19,EN,,Old Binder,Khans of Tarkir,ktk,386729,a8503cca-7e7d-44c4-8587-81376b396398,249
1,Wrath of God,Normal,NM,2026-02-11,EN,,,Fourth Edition,4ed,2373,4566f6a3-4d25-4df0-84be-fe4201138955,58
1,Wurmcoil Engine,Normal,NM,2025-05-19,EN,,Old Binder,Commander Anthology Volume II,cm2,446967,4ab5195f-7cc3-4972-92f8-1b26fa3fb927,231
1,"Wyleth, Soul of Steel",Foil,NM,2025-05-19,EN,,Old Binder,Commander Legends,cmr,500788,7c5ada8c-98f2-4f9c-bcb5-dfa4f804fbe6,362
1,Xorn,Normal,NM,2026-02-11,EN,,,Adventures in the Forgotten Realms,afr,527454,f73fdf76-e3a6-49d0-bfb0-4b7cdbd4271e,167
1,"Yawgmoth, Thran Physician",Normal,NM,2025-05-17,EN,,Old Binder,Modern Horizons,mh1,464065,8690cbcc-f8fd-41f7-9e28-e61c12b04014,116
1,Zagoth Triome,Normal,NM,2025-05-19,EN,,Old Binder,Ikoria: Lair of Behemoths,iko,0,f809f970-25a7-4c34-b98f-1cb08012080d,313
1,Zendikar Resurgent,Normal,NM,2025-05-17,EN,,Old Binder,Commander 2017,c17,433092,33f64032-1e87-4d22-a211-c37e11ffa247,160
1,"Zndrsplt, Eye of Wisdom",Normal,NM,2025-05-17,EN,,Old Binder,Battlebond,bbd,445973,76c33402-a022-4d2f-9a83-4b8ddc04e971,5
